Fecha,Consumo
2018-01-02 23:59:00,263.1885943864472
2018-01-03 23:55:07,212.6873761691386
2018-01-04 23:38:58,192.0
2018-01-05 23:43:36,201.0
2018-01-06 23:49:11,212.0
2018-01-07 23:59:00,196.91729298984865
2018-01-08 23:30:11,188.08270701015135
2018-01-09 23:41:06,185.0
2018-01-10 23:45:59,175.0
2018-01-11 23:41:34,176.0
2018-01-12 23:45:58,181.0
2018-01-13 23:53:49,193.0
2018-01-14 23:58:27,222.0
2018-01-15 23:51:07,168.0
2018-01-16 23:59:00,162.68772566126427
2018-01-17 23:59:00,186.76016147696646
2018-01-18 23:59:00,176.32974782318342
2018-01-19 23:48:07,168.22236503858585
2018-01-20 23:18:30,181.0
2018-01-21 23:51:53,280.0
2018-01-22 23:59:00,202.53803792933468
2018-01-23 23:42:27,186.46196207066532
2018-01-24 23:21:50,193.0
2018-01-25 23:59:00,181.54191002633888
2018-01-26 23:59:00,193.2704406452831
2018-01-27 23:59:00,193.2704406452831
2018-01-28 23:59:00,193.2704406452831
2018-01-29 23:59:00,193.2704406452831
2018-01-30 23:59:00,192.7850325141335
2018-01-31 23:44:45,179.59129487839527
2018-02-01 23:56:34,184.0
2018-02-02 23:58:15,174.0
2018-02-03 23:42:26,183.0
2018-02-04 23:40:21,193.0
2018-02-05 23:59:00,153.23144899425097
2018-02-06 23:44:27,153.76855100574903
2018-02-07 23:59:00,171.9281423704233
2018-02-08 23:50:35,204.0718576295767
2018-02-09 23:37:41,157.0
2018-02-10 23:59:00,178.8988973220694
2018-02-11 23:59:00,211.86323571909452
2018-02-12 23:59:00,161.33522488723975
2018-02-13 23:38:12,153.90264207159635
2018-02-14 23:54:42,165.0
2018-02-15 23:59:00,200.1618636145722
2018-02-16 23:59:00,184.181046436599
2018-02-17 23:58:04,216.6570899488288
2018-02-18 23:45:08,216.0
2018-02-19 23:53:21,206.0
2018-02-20 23:35:12,188.0
2018-02-21 23:43:52,172.0
2018-02-22 23:59:00,206.18905347725376
2018-02-23 23:24:59,159.81094652274624
2018-02-24 23:40:51,192.0
2018-02-25 23:59:00,223.17687375633977
2018-02-26 23:59:40,175.82312624366023
2018-02-27 23:45:21,160.0
2018-02-28 23:41:20,200.0
2018-03-01 23:21:41,227.0
2018-03-02 23:59:00,253.11609589040745
2018-03-03 23:50:23,205.88390410959255
2018-03-04 23:31:28,218.0
2018-03-05 23:59:00,169.17620944790542
2018-03-06 23:59:00,167.5095541702467
2018-03-07 23:25:51,168.31423638184788
2018-03-08 23:44:55,224.0
2018-03-09 23:59:00,190.51506456243806
2018-03-10 23:23:21,201.48493543756194
2018-03-11 23:33:36,222.0
2018-03-12 23:39:48,198.0
2018-03-13 23:59:00,184.92712778534042
2018-03-14 23:39:21,188.07287221465958
2018-03-15 23:50:52,230.0
2018-03-16 23:53:46,183.0
2018-03-17 23:33:49,195.0
2018-03-18 23:23:00,187.0
2018-03-19 23:33:46,242.0
2018-03-20 23:15:10,176.0
2018-03-21 23:59:00,180.26237132254755
2018-03-22 23:59:00,200.56473234429723
2018-03-23 23:18:42,217.17289633315522
2018-03-24 23:37:58,221.0
2018-03-25 23:59:00,236.86795265233377
2018-03-26 23:40:04,212.13204734766623
2018-03-27 23:43:28,217.0
2018-03-28 23:45:54,218.0
2018-03-29 23:48:53,283.0
2018-03-30 23:57:40,233.0
2018-03-31 23:39:40,246.0
2018-04-01 23:59:00,344.03218046965776
2018-04-02 23:59:00,230.8636686175596
2018-04-03 23:59:00,218.3667358570383
2018-04-04 23:54:51,217.73741505574435
2018-04-05 23:18:47,261.0
2018-04-06 23:53:49,200.0
2018-04-07 23:43:15,201.0
2018-04-08 23:33:06,315.0
2018-04-09 23:59:00,246.31366893195082
2018-04-10 23:59:00,210.56929994851816
2018-04-11 23:16:19,208.11703111953102
2018-04-12 23:56:16,282.0
2018-04-13 23:28:43,232.0
2018-04-14 23:57:26,265.0
2018-04-15 23:40:16,263.0
2018-04-16 23:59:00,204.48868101026164
2018-04-17 23:53:57,225.51131898973836
2018-04-18 23:30:20,250.0
2018-04-19 23:33:05,306.0
2018-04-20 23:46:12,345.0
2018-04-21 23:49:12,265.0
2018-04-22 23:46:43,306.0
2018-04-23 23:57:01,212.0
2018-04-24 23:59:00,224.383121384657
2018-04-25 23:18:44,175.616878615343
2018-04-26 23:59:00,244.10747318842914
2018-04-27 23:36:40,197.89252681157086
2018-04-28 23:59:00,240.16569058632012
2018-04-29 23:17:58,244.83430941367988
2018-04-30 23:46:14,206.0
2018-05-01 23:47:22,222.0
2018-05-02 23:29:32,204.0
2018-05-03 23:47:02,246.0
2018-05-04 23:59:00,268.3317126617767
2018-05-05 23:59:00,298.5591438615229
2018-05-06 23:45:44,317.1091434767004
2018-05-07 23:59:58,250.0
2018-05-08 23:59:00,222.0262301613693
2018-05-09 23:55:33,186.9737698386307
2018-05-10 23:59:11,224.0
2018-05-11 23:51:50,183.0
2018-05-12 23:59:00,213.40786707244115
2018-05-13 23:59:00,272.7282000713749
2018-05-14 23:59:43,272.86393285618396
2018-05-15 23:59:25,196.0
2018-05-16 23:44:25,223.0
2018-05-17 23:42:19,236.0
2018-05-18 23:45:28,272.0
2018-05-19 23:58:26,331.0
2018-05-20 23:59:00,301.4648109007394
2018-05-21 23:53:56,255.5351890992606
2018-05-22 23:47:00,234.0
2018-05-23 23:55:54,267.0
2018-05-24 23:43:49,280.0
2018-05-25 23:22:54,294.0
2018-05-26 23:48:25,323.0
2018-05-27 23:52:07,347.0
2018-05-28 23:22:48,255.0
2018-05-29 23:59:00,260.4327326801722
2018-05-30 23:21:22,246.5672673198278
2018-05-31 23:52:59,296.0
2018-06-01 23:56:47,319.0
2018-06-02 23:34:22,246.0
2018-06-03 23:47:17,252.0
2018-06-04 23:40:29,210.0
2018-06-05 23:47:24,194.0
2018-06-06 23:59:00,187.31492842535954
2018-06-07 23:44:40,205.68507157464046
2018-06-08 23:47:50,215.0
2018-06-09 23:44:51,255.0
2018-06-10 23:27:11,263.0
2018-06-11 23:28:38,227.0
2018-06-12 23:57:52,254.0
2018-06-13 23:59:00,255.36973308614688
2018-06-14 23:37:10,280.6302669138531
2018-06-15 23:40:45,320.0
2018-06-16 23:48:57,391.0
2018-06-17 23:17:31,432.0
2018-06-18 23:59:00,310.15856808953686
2018-06-19 23:59:00,266.3182338354527
2018-06-20 23:59:00,271.7996928804205
2018-06-21 23:29:29,256.72350519458996
2018-06-22 23:59:00,301.2933287085034
2018-06-23 23:59:00,404.608013399411
2018-06-24 23:59:00,374.3617548021721
2018-06-25 23:59:00,316.43925943551585
2018-06-26 23:38:34,348.2976436543977
2018-06-27 23:59:00,352.5637934773695
2018-06-28 23:26:02,333.4362065226305
2018-06-29 23:59:00,292.4300223189057
2018-06-30 23:51:41,450.5699776810943
2018-07-01 23:43:25,455.0
2018-07-02 23:59:00,368.61845142260427
2018-07-03 23:34:18,318.38154857739573
2018-07-04 23:59:00,312.5436783702462
2018-07-05 23:59:00,361.9063091400312
2018-07-06 23:59:00,377.84489494242007
2018-07-07 23:32:27,380.7051175473025
2018-07-08 23:39:11,511.0
2018-07-09 23:59:00,318.5669286266202
2018-07-10 23:24:47,331.4330713733798
2018-07-11 23:59:00,329.7035505999811
2018-07-12 23:55:31,356.2964494000189
2018-07-13 23:15:08,329.0
2018-07-14 23:49:00,388.0
2018-07-15 23:59:00,363.85268769436516
2018-07-16 23:58:26,349.14731230563484
2018-07-17 23:59:08,319.0
2018-07-18 23:23:37,326.0
2018-07-19 23:21:54,368.0
2018-07-20 23:59:00,370.8129932403099
2018-07-21 23:58:43,368.1870067596901
2018-07-22 23:59:18,409.0
2018-07-23 23:59:00,347.5669265865581
2018-07-24 23:53:26,326.4330734134419
2018-07-25 23:58:27,340.0
2018-07-26 23:59:00,419.31990521325497
2018-07-27 23:59:00,389.8395729192998
2018-07-28 23:44:15,394.8405218674452
2018-07-29 23:59:22,393.0
2018-07-30 23:59:00,392.65439406753285
2018-07-31 23:35:28,359.34560593246715
2018-08-01 23:40:48,370.0
2018-08-02 23:59:00,357.67359307361767
2018-08-03 23:49:13,403.32640692638233
2018-08-04 23:17:49,439.0
2018-08-05 23:48:08,480.0
2018-08-06 23:24:55,424.0
2018-08-07 23:58:25,387.0
2018-08-08 23:38:43,367.0
2018-08-09 23:48:11,379.0
2018-08-10 23:50:00,365.0
2018-08-11 23:18:06,375.0
2018-08-12 23:34:54,384.0
2018-08-13 23:27:53,407.0
2018-08-14 23:43:59,491.0
2018-08-15 23:59:00,378.20229714288143
2018-08-16 23:30:59,310.79770285711857
2018-08-17 23:46:11,317.0
2018-08-18 23:50:59,272.0
2018-08-19 23:23:50,275.0
2018-08-20 23:42:32,310.0
2018-08-21 23:59:00,330.6682885999908
2018-08-22 23:50:53,341.3317114000092
2018-08-23 23:30:02,335.0
2018-08-24 23:41:29,340.0
2018-08-25 23:59:00,334.8922624877305
2018-08-26 23:59:00,338.4365472411737
2018-08-27 23:39:01,332.67119027109584
2018-08-28 23:44:30,323.0
2018-08-29 23:41:45,362.0
2018-08-30 23:27:47,342.0
2018-08-31 23:59:00,360.0137157664285
2018-09-01 23:49:08,368.9862842335715
2018-09-02 23:59:00,343.1069391776691
2018-09-03 23:25:38,379.8930608223309
2018-09-04 23:37:30,287.0
2018-09-05 23:44:26,308.0
2018-09-06 23:57:27,290.0
2018-09-07 23:56:47,279.0
2018-09-08 23:52:13,229.0
2018-09-09 23:55:48,237.0
2018-09-10 23:47:01,221.0
2018-09-11 23:52:35,258.0
2018-09-12 23:32:37,235.0
2018-09-13 23:50:23,254.0
2018-09-14 23:46:33,259.0
2018-09-15 23:17:56,223.0
2018-09-16 23:57:15,255.0
2018-09-17 23:56:38,203.0
2018-09-18 23:32:09,229.0
2018-09-19 23:48:13,234.0
2018-09-20 23:51:14,241.0
2018-09-21 23:59:00,258.5650513723376
2018-09-22 23:20:03,302.4349486276624
2018-09-23 23:32:03,386.0
2018-09-24 23:41:30,247.0
2018-09-25 23:59:00,234.71278354985407
2018-09-26 23:31:48,224.28721645014593
2018-09-27 23:43:32,229.0
2018-09-28 23:42:37,256.0
2018-09-29 23:28:04,288.0
2018-09-30 23:29:55,397.0
2018-10-01 23:33:46,259.0
2018-10-02 23:56:15,244.0
2018-10-03 23:59:00,236.92035205540014
2018-10-04 23:23:01,221.07964794459986
2018-10-05 23:34:35,239.0
2018-10-06 23:34:43,338.0
2018-10-07 23:50:44,307.0
2018-10-08 23:56:18,235.0
2018-10-09 23:32:17,191.0
2018-10-10 23:36:42,199.0
2018-10-11 23:48:54,193.0
2018-10-12 23:58:27,231.0
2018-10-13 23:54:59,222.0
2018-10-14 23:25:19,226.0
2018-10-15 23:52:00,191.0
2018-10-16 23:59:00,187.6623378121294
2018-10-17 23:59:00,185.27059640170773
2018-10-18 23:15:33,178.06706578616286
2018-10-19 23:24:26,185.0
2018-10-20 23:45:53,187.0
2018-10-21 23:59:00,221.94438038085354
2018-10-22 23:48:33,192.05561961914646
2018-10-23 23:45:19,185.0
2018-10-24 23:43:00,180.0
2018-10-25 23:21:50,172.0
2018-10-26 23:17:33,186.0
2018-10-27 23:45:52,201.0
2018-10-28 23:42:21,227.0
2018-10-29 23:27:48,175.0
2018-10-30 23:19:36,165.0
2018-10-31 23:59:00,173.7636461959919
2018-11-01 23:33:51,192.2363538040081
2018-11-02 23:59:00,172.87754531530663
2018-11-03 23:42:19,188.12245468469337
2018-11-04 23:22:50,209.0
2018-11-05 23:44:52,173.0
2018-11-06 23:59:00,168.6282230351353
2018-11-07 23:59:29,174.3717769648647
2018-11-08 23:22:11,187.0
2018-11-09 23:59:00,193.30656506447122
2018-11-10 23:51:22,226.69343493552878
2018-11-11 23:55:21,226.0
2018-11-12 23:49:57,184.0
2018-11-13 23:27:26,168.0
2018-11-14 23:59:00,171.96219715720508
2018-11-15 23:38:30,165.03780284279492
2018-11-16 23:45:16,177.0
2018-11-17 23:40:04,178.0
2018-11-18 23:28:40,184.0
2018-11-19 23:25:08,161.0
2018-11-20 23:35:46,160.0
2018-11-21 23:47:14,169.0
2018-11-22 23:59:00,132.84549313178286
2018-11-23 23:59:00,139.29972428746987
2018-11-24 23:59:00,139.29972428752808
2018-11-25 23:59:00,139.29972428746987
2018-11-26 23:59:00,139.29972428752808
2018-11-27 23:59:00,139.29972428746987
2018-11-28 23:59:00,66.65588543075137
2018-11-29 23:28:31,0.0
2018-11-30 23:41:35,177.0
2018-12-01 23:50:47,217.0
2018-12-02 23:56:07,211.0
2018-12-03 23:45:05,187.0
2018-12-04 23:52:07,178.0
2018-12-05 23:53:36,162.0
2018-12-06 23:41:51,196.0
2018-12-07 23:36:25,175.0
2018-12-08 23:42:10,215.0
2018-12-09 23:55:56,225.0
2018-12-10 23:58:03,182.0
2018-12-11 23:55:02,175.0
2018-12-12 23:56:32,181.0
2018-12-13 23:51:40,168.0
2018-12-14 23:45:16,177.0
2018-12-15 23:44:07,191.0
2018-12-16 23:40:02,224.0
2018-12-17 23:52:56,183.0
2018-12-18 23:57:10,175.0
2018-12-19 23:30:26,173.0
2018-12-20 23:59:00,176.12673153285868
2018-12-21 23:20:22,189.87326846714132
2018-12-22 23:52:27,223.0
2018-12-23 23:51:37,242.0
2018-12-24 23:22:28,209.0
2018-12-25 23:53:45,206.0
2018-12-26 23:53:08,204.0
2018-12-27 23:52:49,208.0
2018-12-28 23:26:56,203.0
2018-12-29 23:45:06,204.0
2018-12-30 23:47:32,213.0
2018-12-31 23:54:35,215.0
2019-01-01 23:31:39,213.0
2019-01-02 23:59:06,215.0
2019-01-03 23:41:14,200.0
2019-01-04 23:52:34,211.0
2019-01-05 23:50:25,217.0
2019-01-06 23:51:25,239.0
2019-01-07 23:52:08,241.0
2019-01-08 23:27:11,203.0
2019-01-09 23:41:28,211.0
2019-01-10 23:47:57,216.0
2019-01-11 23:54:47,207.0
2019-01-12 23:22:54,223.0
2019-01-13 23:53:09,255.0
2019-01-14 23:31:16,221.0
2019-01-15 23:47:16,238.0
2019-01-16 23:52:29,224.0
2019-01-17 23:35:49,214.0
2019-01-18 23:25:11,236.0
2019-01-19 23:42:47,275.0
2019-01-20 23:46:53,309.0
2019-01-21 23:59:33,259.0
2019-01-22 23:49:50,241.0
2019-01-23 23:46:15,232.96024178937455
2019-01-24 23:50:59,224.8739344188361
2019-01-25 23:59:00,220.0
2019-01-26 23:59:00,240.0
2019-01-27 23:59:00,253.0
2019-01-28 23:34:57,227.0
2019-01-29 23:34:41,256.0
2019-01-30 23:26:54,233.0
2019-01-31 23:59:00,211.1011422913289
2019-02-01 23:59:00,224.8988577086711
2019-02-02 23:59:00,254.0
2019-02-03 23:59:00,306.0
2019-02-04 23:59:00,232.0
2019-02-05 23:21:05,230.0
2019-02-06 23:59:00,233.0
2019-02-07 23:59:00,210.0
2019-02-08 23:59:00,221.0
2019-02-09 23:59:00,261.0
2019-02-10 23:59:00,297.0
2019-02-11 23:59:00,219.0
2019-02-12 23:59:00,201.0
2019-02-13 23:59:00,215.0
2019-02-14 23:51:40,224.87393441883614
2019-02-15 23:46:21,220.0
2019-02-16 23:47:13,240.0
2019-02-17 23:50:04,253.0
2019-02-18 23:56:43,227.0
2019-02-19 23:54:58,256.0
2019-02-20 23:31:22,233.0
2019-02-21 23:59:00,211.10114229132887
2019-02-22 23:36:43,224.89885770867113
2019-02-23 23:55:58,254.0
2019-02-24 23:54:56,306.0
2019-02-25 23:44:53,232.0
2019-02-26 23:57:59,230.0
2019-02-27 23:44:16,233.0
2019-02-28 23:58:28,210.0
2019-03-01 23:58:46,221.0
2019-03-02 23:34:26,261.0
2019-03-03 23:25:44,297.0
2019-03-04 23:49:04,219.0
2019-03-05 23:22:33,201.0
2019-03-06 23:42:24,215.0
2019-03-07 23:32:53,247.0
2019-03-08 23:53:52,256.0
2019-03-09 23:54:44,296.0
2019-03-10 23:56:36,334.0
2019-03-11 23:50:46,236.0
2019-03-12 23:42:17,257.0
2019-03-13 23:52:53,247.0
2019-03-14 23:41:17,252.0
2019-03-15 23:58:51,272.0
2019-03-16 23:56:20,301.0
2019-03-17 23:59:42,354.0
2019-03-18 23:54:42,250.0
2019-03-19 23:58:04,283.0
2019-03-20 23:59:37,236.0
2019-03-21 23:53:58,255.0
2019-03-22 23:53:51,256.0
2019-03-23 23:56:40,263.0
2019-03-24 23:55:38,349.0
2019-03-25 23:58:48,270.0
2019-03-26 23:57:01,269.0
2019-03-27 23:51:25,304.0
2019-03-28 23:55:37,335.0
2019-03-29 23:57:18,274.0
2019-03-30 23:51:10,275.0
2019-03-31 23:47:58,240.0
2019-04-01 23:56:51,232.0
2019-04-02 23:54:28,234.0
2019-04-03 23:59:47,254.0
2019-04-04 23:59:42,272.0
2019-04-05 23:47:57,249.0
2019-04-06 23:58:22,264.0
2019-04-07 23:50:54,305.0
2019-04-08 23:45:30,253.0
2019-04-09 23:58:18,242.0
2019-04-10 23:49:01,259.0
2019-04-11 23:51:36,254.0
2019-04-12 23:57:06,280.0
2019-04-13 23:56:08,307.0
2019-04-14 23:59:54,366.0
2019-04-15 23:55:16,265.0
2019-04-16 23:58:53,270.0
2019-04-17 23:50:51,252.0
2019-04-18 23:57:10,207.0
2019-04-19 23:49:11,178.0
2019-04-20 23:55:48,173.0
2019-04-21 23:58:29,192.0
2019-04-22 23:59:03,191.0
2019-04-23 23:48:34,204.0
2019-04-24 23:53:53,201.0
2019-04-25 23:50:49,194.0
2019-04-26 23:53:40,191.0
2019-04-27 23:58:15,239.0
2019-04-28 23:57:47,246.0
2019-04-29 23:56:47,220.0
2019-04-30 23:46:58,226.0
2019-05-01 23:58:29,283.0
2019-05-02 23:54:27,223.0
2019-05-03 23:39:05,221.0
2019-05-04 23:51:37,263.0
2019-05-05 23:56:13,280.0
2019-05-06 23:58:51,233.0
2019-05-07 23:45:08,240.0
2019-05-08 23:52:22,246.0
2019-05-09 23:56:51,249.0
2019-05-10 23:50:38,262.0
2019-05-11 23:52:50,341.0
2019-05-12 23:47:43,447.0
2019-05-13 23:52:27,245.0
2019-05-14 23:55:06,278.0
2019-05-15 23:53:13,338.3024675428169
2019-05-16 23:52:42,338.6239621172426
2019-05-17 23:57:06,339.78055845183553
2019-05-18 23:55:24,338.34559486375656
2019-05-19 23:52:06,337.9692109718453
2019-05-20 23:51:14,338.54162814083975
2019-05-21 23:51:53,338.8984087050776
2019-05-22 23:51:16,338.60043812397635
2019-05-23 23:50:41,338.6082794550457
2019-05-24 23:57:25,340.3294516275637
2019-05-25 23:47:59,312.0
2019-05-26 23:58:02,348.0
2019-05-27 23:53:45,273.0
2019-05-28 23:51:23,269.0
2019-05-29 23:57:29,328.0
2019-05-30 23:56:58,293.0
2019-05-31 23:47:18,343.0
2019-06-01 23:52:11,367.0
2019-06-02 23:48:17,367.0
2019-06-03 23:59:32,347.0
2019-06-04 23:59:34,329.0
2019-06-05 23:57:34,317.0
2019-06-06 23:41:40,367.0
2019-06-07 23:57:16,365.0
2019-06-08 23:58:53,350.0
2019-06-09 23:49:34,304.0
2019-06-10 23:59:21,349.0
2019-06-11 23:54:32,286.0
2019-06-12 23:54:22,280.0
2019-06-13 23:51:13,301.0
2019-06-14 23:57:17,318.0
2019-06-15 23:54:28,360.0
2019-06-16 23:59:19,404.0
2019-06-17 23:56:20,323.0
2019-06-18 23:54:03,319.0
2019-06-19 23:57:42,367.0
2019-06-20 23:55:50,330.0
2019-06-21 23:58:34,314.0
2019-06-22 23:57:18,405.0
2019-06-23 23:59:22,444.0
2019-06-24 23:57:01,432.0
2019-06-25 23:56:42,391.0
2019-06-26 23:59:03,387.0
2019-06-27 23:56:47,348.0
2019-06-28 23:54:51,454.0
2019-06-29 23:57:09,484.0
2019-06-30 23:57:24,463.0
2019-07-01 23:52:41,317.0
2019-07-02 23:59:50,307.0
2019-07-03 23:56:05,376.0
2019-07-04 23:56:36,337.0
2019-07-05 23:59:38,366.0
2019-07-06 23:59:37,464.0
2019-07-07 23:57:50,457.0
2019-07-08 23:59:26,373.0
2019-07-09 23:56:09,323.0
2019-07-10 23:57:58,330.0
2019-07-11 23:56:37,328.0
2019-07-12 23:55:55,405.0
2019-07-13 23:59:15,329.0
2019-07-14 23:58:58,391.0
2019-07-15 23:54:39,339.0
2019-07-16 23:57:54,333.0
2019-07-17 23:58:04,325.0
2019-07-18 23:57:48,328.0
2019-07-19 23:56:20,373.0
2019-07-20 23:56:17,374.0
2019-07-21 23:58:09,389.0
2019-07-22 23:56:29,366.0
2019-07-23 23:56:31,359.0
2019-07-24 23:59:28,358.0
2019-07-25 23:58:00,346.0
2019-07-26 23:59:24,362.0
2019-07-27 23:57:50,450.0
2019-07-28 23:55:33,470.0
2019-07-29 23:56:53,372.0
2019-07-30 23:56:45,320.0
2019-07-31 23:59:00,373.11393667414086
2019-08-01 23:57:38,408.88606332585914
2019-08-02 23:54:55,390.0
2019-08-03 23:54:38,336.0
2019-08-04 23:58:38,379.0
2019-08-05 23:58:40,354.0
2019-08-06 23:57:56,349.0
2019-08-07 23:54:43,374.0
2019-08-08 23:57:12,344.0
2019-08-09 23:54:12,398.0
2019-08-10 23:58:10,331.0
2019-08-11 23:59:10,482.0
2019-08-12 23:57:47,464.0
2019-08-13 23:58:46,370.0
2019-08-14 23:58:58,343.0
2019-08-15 23:59:50,350.0
2019-08-16 23:58:25,362.0
2019-08-17 23:51:11,349.0
2019-08-18 23:56:19,397.0
2019-08-19 23:59:37,371.0
2019-08-20 23:59:14,360.0
2019-08-21 23:59:51,261.0
2019-08-22 23:55:22,282.0
2019-08-23 23:53:56,293.0
2019-08-24 23:54:25,261.0
2019-08-25 23:59:58,278.0
2019-08-26 23:53:03,266.0
2019-08-27 23:55:24,256.0
2019-08-28 23:59:17,268.0
2019-08-29 23:49:28,273.0
2019-08-30 23:58:52,280.0
2019-08-31 23:54:52,329.0
2019-09-01 23:59:33,384.0
2019-09-02 23:58:01,293.0
2019-09-03 23:56:40,265.0
2019-09-04 23:57:43,312.0
2019-09-05 23:58:25,271.0
2019-09-06 23:57:21,289.0
2019-09-07 23:58:43,332.0
2019-09-08 23:58:32,432.0
2019-09-09 23:55:12,299.0
2019-09-10 23:59:20,285.0
2019-09-11 23:59:41,250.0
2019-09-12 23:53:48,203.0
2019-09-13 23:55:28,221.0
2019-09-14 23:52:55,204.0
2019-09-15 23:53:07,249.0
2019-09-16 23:56:24,207.0
2019-09-17 23:56:21,237.0
2019-09-18 23:59:00,202.47565104969544
2019-09-19 23:51:26,227.52434895030456
2019-09-20 23:58:07,214.0
2019-09-21 23:54:25,250.0
2019-09-22 23:59:41,279.0
2019-09-23 23:59:23,234.0
2019-09-24 23:59:57,236.0
2019-09-25 23:54:33,246.0
2019-09-26 23:53:55,232.0
2019-09-27 23:56:22,239.0
2019-09-28 23:55:18,254.0
2019-09-29 23:54:56,259.0
2019-09-30 23:53:41,213.0
2019-10-01 23:55:12,209.0
2019-10-02 23:59:58,217.0
2019-10-03 23:54:20,219.0
2019-10-04 23:56:21,218.0
2019-10-05 23:52:59,248.0
2019-10-06 23:54:12,275.0
2019-10-07 23:56:54,211.0
2019-10-08 23:56:41,221.0
2019-10-09 23:55:51,203.0
2019-10-10 23:56:39,218.0
2019-10-11 23:57:14,213.0
2019-10-12 23:57:08,240.0
2019-10-13 23:59:27,289.0
2019-10-14 23:59:16,212.0
2019-10-15 23:59:17,228.0
2019-10-16 23:58:13,201.0
2019-10-17 23:59:40,216.0
2019-10-18 23:55:24,205.0
2019-10-19 23:57:30,237.0
2019-10-20 23:53:52,206.0
2019-10-21 23:57:22,191.0
2019-10-22 23:56:49,163.0
2019-10-23 23:56:06,166.0
2019-10-24 23:49:19,168.0
2019-10-25 23:51:21,171.0
2019-10-26 23:58:35,196.0
2019-10-27 23:55:43,244.0
2019-10-28 23:51:42,171.0
2019-10-29 23:53:31,175.0
2019-10-30 23:58:25,181.0
2019-10-31 23:58:06,179.0
2019-11-01 23:58:42,223.0
2019-11-02 23:53:15,204.0
2019-11-03 23:55:19,236.0
2019-11-04 23:50:10,202.0
2019-11-05 23:59:00,179.23122979683103
2019-11-06 23:56:03,186.76877020316897
2019-11-07 23:58:48,202.0
2019-11-08 23:48:06,189.0
2019-11-09 23:57:39,215.0
2019-11-10 23:53:42,258.0
2019-11-11 23:57:03,211.0
2019-11-12 23:51:44,207.0
2019-11-13 23:50:06,199.0
2019-11-14 23:52:25,207.0
2019-11-15 23:55:01,233.0
2019-11-16 23:58:35,271.0
2019-11-17 23:57:16,345.0
2019-11-18 23:46:10,213.0
2019-11-19 23:51:30,182.0
2019-11-20 23:52:57,194.0
2019-11-21 23:55:29,196.0
2019-11-22 23:53:00,200.0
2019-11-23 23:48:08,215.0
2019-11-24 23:59:49,246.0
2019-11-25 23:52:00,213.0
2019-11-26 23:56:13,216.0
2019-11-27 23:52:19,220.0
2019-11-28 23:54:45,228.0
2019-11-29 23:57:01,210.0
2019-11-30 23:53:20,228.0
2019-12-01 23:53:50,253.0
2019-12-02 23:59:19,194.0
2019-12-03 23:54:59,190.0
2019-12-04 23:59:58,196.0
2019-12-05 23:55:53,187.0
2019-12-06 23:55:55,219.0
2019-12-07 23:58:40,210.0
2019-12-08 23:57:00,236.0
2019-12-09 23:55:23,214.0
2019-12-10 23:53:46,207.0
2019-12-11 23:50:37,202.0
2019-12-12 23:55:04,206.0
2019-12-13 23:54:30,200.0
2019-12-14 23:57:40,227.0
2019-12-15 23:56:38,244.0
2019-12-16 23:54:32,211.0
2019-12-17 23:51:29,209.0
2019-12-18 23:58:16,217.0
2019-12-19 23:55:17,180.0
2019-12-20 23:56:11,172.0
2019-12-21 23:53:57,213.0
2019-12-22 23:57:11,215.0
2019-12-23 23:54:10,186.0
2019-12-24 23:55:09,185.0
2019-12-25 23:51:25,185.0
2019-12-26 23:47:52,171.0
2019-12-27 23:52:27,179.0
2019-12-28 23:56:19,176.0
2019-12-29 23:50:50,210.0
2019-12-30 23:52:56,179.0
2019-12-31 23:58:00,183.0
2020-01-01 23:56:23,197.0
2020-01-02 23:58:22,184.0
2020-01-03 23:58:13,187.0
2020-01-04 23:55:50,183.0
2020-01-05 23:58:05,196.0
2020-01-06 23:58:57,206.0
2020-01-07 23:56:52,199.0
2020-01-08 23:50:46,190.0
2020-01-09 23:58:22,184.0
2020-01-10 23:56:53,183.0
2020-01-11 23:56:56,212.0
2020-01-12 23:54:10,234.0
2020-01-13 23:51:01,177.0
2020-01-14 23:56:37,164.0
2020-01-15 23:20:09,165.0
2020-01-16 23:57:16,166.0
2020-01-17 23:50:08,164.0
2020-01-18 23:59:24,181.0
2020-01-19 23:51:44,204.0
2020-01-20 23:59:32,157.0
2020-01-21 23:51:11,161.0
2020-01-22 23:48:43,160.0
2020-01-23 23:49:51,163.0
2020-01-24 23:53:59,163.0
2020-01-25 23:52:28,185.0
2020-01-26 23:59:11,201.0
2020-01-27 23:50:32,175.0
2020-01-28 23:59:50,169.0
2020-01-29 23:55:30,160.0
2020-01-30 23:57:09,168.0
2020-01-31 23:57:16,165.0
2020-02-01 23:53:28,191.0
2020-02-02 23:59:01,215.0
2020-02-03 23:58:16,175.0
2020-02-04 23:50:03,168.0
2020-02-05 23:51:31,166.0
2020-02-06 23:52:02,164.0
2020-02-07 23:52:56,168.0
2020-02-08 23:49:37,185.0
2020-02-09 23:54:47,214.0
2020-02-10 23:58:30,184.0
2020-02-11 23:59:53,213.0
2020-02-12 23:49:47,211.0
2020-02-13 23:35:48,163.0
2020-02-14 23:15:07,163.0
2020-02-15 23:59:00,185.0
2020-02-16 23:59:00,201.0
2020-02-17 23:59:00,175.0
2020-02-18 23:59:00,169.0
2020-02-19 23:59:00,160.0
2020-02-20 23:59:00,168.0
2020-02-21 23:58:28,165.0
2020-02-22 23:59:00,191.0
2020-02-23 23:59:00,215.0
2020-02-24 23:59:00,175.0
2020-02-25 23:59:00,168.0
2020-02-26 23:31:30,166.0
2020-02-27 23:28:17,164.0
2020-02-28 23:51:22,168.0
2020-02-29 23:53:08,247.0
2020-03-01 23:59:42,263.0
2020-03-02 23:54:03,187.0
2020-03-03 23:52:32,203.0
2020-03-04 23:55:28,206.0
2020-03-05 23:59:00,193.6756416755961
2020-03-06 23:59:29,222.32435832440387
2020-03-07 23:55:18,249.0
2020-03-08 23:54:24,294.0
2020-03-09 23:53:14,215.0
2020-03-10 23:58:30,225.0
2020-03-11 23:50:52,223.0
2020-03-12 23:59:05,215.0
2020-03-13 23:57:42,226.0
2020-03-14 23:59:41,335.0
2020-03-15 23:58:40,344.0
2020-03-16 23:51:20,235.0
2020-03-17 23:58:34,218.0
2020-03-18 23:50:25,242.0
2020-03-19 23:54:27,213.0
2020-03-20 23:52:07,218.0
2020-03-21 23:52:47,203.0
2020-03-22 23:53:17,202.0
2020-03-23 23:58:29,197.0
2020-03-24 23:50:11,181.0
2020-03-25 23:55:39,202.0
2020-03-26 23:55:51,196.0
2020-03-27 23:49:40,181.0
2020-03-28 23:52:14,205.0
2020-03-29 23:54:17,209.0
2020-03-30 23:52:43,202.0
2020-03-31 23:52:30,186.0
2020-04-01 23:57:41,188.0
2020-04-02 23:55:20,190.0
2020-04-03 23:53:21,198.0
2020-04-04 23:59:53,208.0
2020-04-05 23:52:33,212.0
2020-04-06 23:59:19,212.0
2020-04-07 23:52:47,199.0
2020-04-08 23:50:20,209.0
2020-04-09 23:56:42,234.0
2020-04-10 23:58:19,259.0
2020-04-11 23:55:22,272.0
2020-04-12 23:51:28,250.0
2020-04-13 23:50:27,206.0
2020-04-14 23:55:14,190.0
2020-04-15 23:54:34,189.0
2020-04-16 23:57:44,207.0
2020-04-17 23:59:00,197.0
2020-04-18 23:59:34,204.0
2020-04-19 23:57:27,213.0
2020-04-20 23:58:09,209.0
2020-04-21 23:58:16,242.0
2020-04-22 23:58:43,243.0
2020-04-23 23:52:19,215.0
2020-04-24 23:58:44,210.0
2020-04-25 23:51:46,197.0
2020-04-26 23:56:01,262.0
2020-04-27 23:58:19,268.0
2020-04-28 23:52:35,228.0
2020-04-29 23:52:48,220.0
2020-04-30 23:53:18,266.0
2020-05-01 23:59:16,303.0
2020-05-02 23:56:42,378.0
2020-05-03 23:58:46,337.0
2020-05-04 23:58:59,246.0
2020-05-05 23:53:22,277.0
2020-05-06 23:59:03,293.0
2020-05-07 23:55:24,288.0
2020-05-08 23:59:59,270.0
2020-05-09 23:59:48,312.0
2020-05-10 23:50:53,321.0
2020-05-11 23:51:55,301.0
2020-05-12 23:57:08,232.0
2020-05-13 23:53:25,258.0
2020-05-14 23:59:06,207.0
2020-05-15 23:53:19,210.0
2020-05-16 23:53:54,255.0
2020-05-17 23:58:57,363.0
2020-05-18 23:55:37,311.0
2020-05-19 23:49:47,270.0
2020-05-20 23:59:38,305.0
2020-05-21 23:54:40,360.0
2020-05-22 23:58:42,370.0
2020-05-23 23:55:22,431.0
2020-05-24 23:54:46,367.0
2020-05-25 23:59:23,298.0
2020-05-26 23:53:50,290.0
2020-05-27 23:53:03,336.0
2020-05-28 23:57:43,299.0
2020-05-29 23:59:07,364.0
2020-05-30 23:55:58,380.0
2020-05-31 23:59:35,442.0
2020-06-01 23:55:32,335.0
2020-06-02 23:36:45,322.0
2020-06-03 23:57:13,358.0
2020-06-04 23:58:28,278.0
2020-06-05 23:46:41,323.0
2020-06-06 23:54:09,395.0
2020-06-07 23:58:15,381.0
2020-06-08 23:59:00,239.358906390029
2020-06-09 23:59:00,242.76996972796042
2020-06-10 23:59:36,242.87112388201058
2020-06-11 23:50:49,253.0
2020-06-12 23:54:57,269.0
2020-06-13 23:50:31,322.0
2020-06-14 23:58:55,402.0
2020-06-15 23:58:13,334.0
2020-06-16 23:55:11,355.0
2020-06-17 23:59:31,357.0
2020-06-18 23:58:32,402.0
2020-06-19 23:56:47,333.0
2020-06-20 23:53:55,403.0
2020-06-21 23:59:04,391.0
2020-06-22 23:58:57,322.0
2020-06-23 23:59:45,336.0
2020-06-24 23:55:38,312.0
2020-06-25 23:57:40,340.0
2020-06-26 23:58:52,441.0
2020-06-27 23:56:33,438.0
2020-06-28 23:57:22,502.0
2020-06-29 23:58:43,377.0
2020-06-30 23:58:16,386.0
2020-07-01 23:57:24,368.0
2020-07-02 23:57:36,364.0
2020-07-03 23:57:31,356.0
2020-07-04 23:58:47,354.0
2020-07-05 23:52:24,389.0
2020-07-06 23:57:42,343.0
2020-07-07 23:58:21,349.0
2020-07-08 23:57:14,361.0
2020-07-09 23:47:12,363.0
2020-07-10 23:57:05,417.0
2020-07-11 23:58:15,385.0
2020-07-12 23:57:00,431.0
2020-07-13 23:58:45,372.0
2020-07-14 23:52:28,302.0
2020-07-15 23:57:17,340.0
2020-07-16 23:57:36,375.0
2020-07-17 23:58:09,367.0
2020-07-18 23:59:17,411.0
2020-07-19 23:56:55,385.0
2020-07-20 23:58:22,360.0
2020-07-21 23:55:15,335.0
2020-07-22 23:55:44,366.0
2020-07-23 23:51:50,329.0
2020-07-24 23:59:29,369.0
2020-07-25 23:58:48,397.0
2020-07-26 23:55:13,478.0
2020-07-27 23:57:35,379.0
2020-07-28 23:58:30,363.0
2020-07-29 23:55:01,358.0
2020-07-30 23:55:47,394.0
2020-07-31 23:57:55,487.0
2020-08-01 23:56:16,468.0
2020-08-02 23:57:46,532.0
2020-08-03 23:52:13,373.0
2020-08-04 23:57:44,360.0
2020-08-05 23:50:47,415.0
2020-08-06 23:57:33,368.0
2020-08-07 23:56:55,412.0
2020-08-08 23:56:56,400.0
2020-08-09 23:56:29,444.0
2020-08-10 23:58:53,420.0
2020-08-11 23:59:42,424.0
2020-08-12 23:58:25,397.0
2020-08-13 23:54:09,413.0
2020-08-14 23:59:55,428.0
2020-08-15 23:59:17,411.0
2020-08-16 23:59:44,424.0
2020-08-17 23:55:29,430.0
2020-08-18 23:56:17,431.0
2020-08-19 23:59:25,409.0
2020-08-20 23:56:20,387.0
2020-08-21 23:56:52,403.0
2020-08-22 23:57:34,381.0
2020-08-23 23:51:56,489.0
2020-08-24 23:59:22,391.0
2020-08-25 23:58:02,341.0
2020-08-26 23:59:42,377.0
2020-08-27 23:55:54,370.0
2020-08-28 23:59:53,399.0
2020-08-29 23:57:17,320.0
2020-08-30 23:54:11,353.0
2020-08-31 23:56:36,349.0
2020-09-01 23:52:58,324.0
2020-09-02 23:50:30,338.0
2020-09-03 23:56:36,338.0
2020-09-04 23:57:35,327.0
2020-09-05 23:58:11,356.0
2020-09-06 23:57:34,440.0
2020-09-07 23:57:08,363.0
2020-09-08 23:59:43,312.0
2020-09-09 23:58:54,333.0
2020-09-10 23:51:49,350.0
2020-09-11 23:54:38,330.0
2020-09-12 23:58:10,392.0
2020-09-13 23:56:17,396.0
2020-09-14 23:57:43,323.0
2020-09-15 23:51:04,349.0
2020-09-16 23:55:10,336.0
2020-09-17 23:48:19,288.0
2020-09-18 23:53:32,237.0
2020-09-19 23:57:36,301.0
2020-09-20 23:59:04,318.0
2020-09-21 23:57:14,291.0
2020-09-22 23:56:40,304.0
2020-09-23 23:54:37,280.0
2020-09-24 23:56:15,282.0
2020-09-25 23:55:25,295.0
2020-09-26 23:55:31,327.0
2020-09-27 23:58:51,428.0
2020-09-28 23:53:50,334.0
2020-09-29 23:59:02,333.0
2020-09-30 23:52:47,298.0
2020-10-01 23:58:59,294.0
2020-10-02 23:53:33,262.0
2020-10-03 23:59:00,373.7090717299143
2020-10-04 23:37:59,358.2909282700857
2020-10-05 23:56:19,287.0
2020-10-06 23:51:10,274.0
2020-10-07 23:48:19,296.0
2020-10-08 23:57:45,298.0
2020-10-09 23:56:12,272.0
2020-10-10 23:54:34,297.0
2020-10-11 23:50:25,284.0
2020-10-12 23:57:01,328.0
2020-10-13 23:54:05,272.0
2020-10-14 23:55:20,289.0
2020-10-15 23:56:19,283.0
2020-10-16 23:58:40,280.0
2020-10-17 23:56:44,330.0
2020-10-18 23:56:01,370.0
2020-10-19 23:56:43,289.0
2020-10-20 23:52:51,256.0
2020-10-21 23:48:48,279.0
2020-10-22 23:51:51,272.0
2020-10-23 23:58:12,271.0
2020-10-24 23:56:34,299.0
2020-10-25 23:59:54,343.0
2020-10-26 23:57:19,262.0
2020-10-27 23:54:29,233.0
2020-10-28 23:56:35,256.0
2020-10-29 23:53:46,233.0
2020-10-30 23:59:50,229.0
2020-10-31 23:59:57,280.0
2020-11-01 23:57:16,332.0
2020-11-02 23:58:42,320.0
2020-11-03 23:59:02,230.0
2020-11-04 23:54:11,200.0
2020-11-05 23:54:40,175.0
2020-11-06 23:58:32,236.0
2020-11-07 23:55:14,269.0
2020-11-08 23:58:39,303.0
2020-11-09 23:58:27,189.0
2020-11-10 23:57:56,205.0
2020-11-11 23:58:00,229.0
2020-11-12 23:56:36,216.0
2020-11-13 23:56:30,248.0
2020-11-14 23:53:41,236.0
2020-11-15 23:57:55,275.0
2020-11-16 23:55:44,226.0
2020-11-17 23:58:18,219.0
2020-11-18 23:53:09,230.0
2020-11-19 23:50:59,234.0
2020-11-20 23:54:53,229.0
2020-11-21 23:54:19,295.0
2020-11-22 23:57:32,329.0
2020-11-23 23:52:59,277.0
2020-11-24 23:57:47,267.0
2020-11-25 23:53:47,219.0
2020-11-26 23:59:33,205.0
2020-11-27 23:55:52,181.0
2020-11-28 23:56:57,203.0
2020-11-29 23:58:56,223.0
2020-11-30 23:58:30,181.0
2020-12-01 23:55:01,175.0
2020-12-02 23:55:15,202.0
2020-12-03 23:52:48,183.0
2020-12-04 23:55:10,177.0
2020-12-05 23:54:41,209.0
2020-12-06 23:46:04,221.0
2020-12-07 23:54:16,216.0
2020-12-08 23:55:59,226.0
2020-12-09 23:55:17,228.0
2020-12-10 23:53:15,228.0
2020-12-11 23:57:49,238.0
2020-12-12 23:56:32,297.0
2020-12-13 23:54:32,288.0
2020-12-14 23:48:00,226.0
2020-12-15 23:54:46,177.0
2020-12-16 23:58:23,195.0
2020-12-17 23:55:04,177.0
2020-12-18 23:52:11,200.0
2020-12-19 23:58:38,216.0
2020-12-20 23:51:28,220.0
2020-12-21 23:56:20,195.0
2020-12-22 23:54:33,182.0
2020-12-23 23:52:12,210.0
2020-12-24 23:52:36,251.0
2020-12-25 23:58:11,341.0
2020-12-26 23:54:36,260.0
2020-12-27 23:56:56,234.0
2020-12-28 23:54:25,201.0
2020-12-29 23:54:04,210.0
2020-12-30 23:54:53,207.0
2020-12-31 23:56:58,219.0
2021-01-01 23:54:13,231.0
2021-01-02 23:51:43,216.0
2021-01-03 23:55:39,224.0
2021-01-04 23:52:16,220.0
2021-01-05 23:55:37,193.0
2021-01-06 23:57:37,220.0
2021-01-07 23:58:38,181.0
2021-01-08 23:57:40,198.0
2021-01-09 23:59:34,215.0
2021-01-10 23:41:16,229.0
2021-01-11 23:57:13,193.0
2021-01-12 23:59:22,194.0
2021-01-13 23:41:45,197.0
2021-01-14 23:53:10,198.0
2021-01-15 23:52:28,196.0
2021-01-16 23:57:17,229.0
2021-01-17 23:56:58,239.0
2021-01-18 23:47:15,199.0
2021-01-19 23:51:13,197.0
2021-01-20 23:57:04,192.0
2021-01-21 23:55:13,196.0
2021-01-22 23:49:50,206.0
2021-01-23 23:50:04,221.0
2021-01-24 23:56:15,259.0
2021-01-25 23:53:08,201.0
2021-01-26 23:52:31,189.0
2021-01-27 23:58:40,196.0
2021-01-28 23:52:33,197.0
2021-01-29 23:52:28,211.0
2021-01-30 23:49:44,227.0
2021-01-31 23:53:48,257.0
2021-02-01 23:54:44,235.0
2021-02-02 23:56:30,232.0
2021-02-03 23:57:30,216.0
2021-02-04 23:49:02,194.0
2021-02-05 23:55:07,206.0
2021-02-06 23:54:14,309.0
2021-02-07 23:58:14,286.0
2021-02-08 23:54:54,207.0
2021-02-09 23:52:29,202.0
2021-02-10 23:51:40,214.0
2021-02-11 23:54:35,227.0
2021-02-12 23:57:23,229.0
2021-02-13 23:56:05,276.0
2021-02-14 23:57:54,298.0
2021-02-15 23:55:06,222.0
2021-02-16 23:51:31,224.0
2021-02-17 23:50:41,219.0
2021-02-18 23:48:09,241.0
2021-02-19 23:59:54,218.0
2021-02-20 23:57:34,232.0
2021-02-21 23:45:49,261.0
2021-02-22 23:48:39,224.0
2021-02-23 23:56:10,197.0
2021-02-24 23:51:16,206.0
2021-02-25 23:53:10,207.0
2021-02-26 23:58:03,210.0
2021-02-27 23:56:56,253.0
2021-02-28 23:54:53,242.0
2021-03-01 23:59:45,185.0
2021-03-02 23:49:03,196.0
2021-03-03 23:58:30,194.0
2021-03-04 23:53:56,192.0
2021-03-05 23:56:45,200.0
2021-03-06 23:52:36,211.0
2021-03-07 23:52:46,205.0
2021-03-08 23:58:43,186.0
2021-03-09 23:52:06,195.0
2021-03-10 23:57:25,230.0
2021-03-11 23:51:28,225.0
2021-03-12 23:56:51,239.0
2021-03-13 23:53:25,258.0
2021-03-14 23:56:23,306.0
2021-03-15 23:59:09,237.0
2021-03-16 23:41:30,183.0
2021-03-17 23:46:58,183.0
2021-03-18 23:56:00,155.0
2021-03-19 23:59:18,205.0
2021-03-20 23:59:39,234.0
2021-03-21 23:53:41,233.0
2021-03-22 23:59:27,195.0
2021-03-23 23:54:53,193.0
2021-03-24 23:49:56,207.0
2021-03-25 23:45:40,189.0
2021-03-26 23:54:12,265.0
2021-03-27 23:45:38,252.0
2021-03-28 23:56:08,248.0
2021-03-29 23:58:02,253.0
2021-03-30 23:58:19,208.0
2021-03-31 23:59:09,202.0
2021-04-01 23:55:54,230.0
2021-04-02 23:52:05,288.0
2021-04-03 23:53:44,233.0
2021-04-04 23:58:39,290.0
2021-04-05 23:56:18,241.0
2021-04-06 23:57:28,240.0
2021-04-07 23:56:12,197.0
2021-04-08 23:49:36,177.0
2021-04-09 23:56:40,177.0
2021-04-10 23:53:09,188.0
2021-04-11 23:56:01,224.0
2021-04-12 23:52:31,196.0
2021-04-13 23:56:41,204.0
2021-04-14 23:45:31,225.0
2021-04-15 23:45:35,194.0
2021-04-16 23:46:25,168.0
2021-04-17 23:36:04,214.0
2021-04-18 23:32:19,322.0
2021-04-19 23:59:00,202.0
2021-04-20 23:56:42,200.0
2021-04-21 23:58:52,225.0
2021-04-22 23:57:23,194.0
2021-04-23 23:59:26,168.0
2021-04-24 23:55:40,214.0
2021-04-25 23:49:26,322.0
2021-04-26 23:59:10,202.0
2021-04-27 23:49:03,200.0
2021-04-28 23:48:31,200.0
2021-04-29 23:54:35,219.0
2021-04-30 23:54:18,217.0
2021-05-01 23:59:09,281.0
2021-05-02 23:55:27,266.0
2021-05-03 23:55:26,196.0
2021-05-04 23:50:10,201.0
2021-05-05 23:52:00,224.0
2021-05-06 23:57:12,242.0
2021-05-07 23:53:05,255.0
2021-05-08 23:53:46,358.0
2021-05-09 23:55:06,410.0
2021-05-10 23:48:18,251.0
2021-05-11 23:57:33,225.0
2021-05-12 23:55:08,255.0
2021-05-13 23:52:07,279.0
2021-05-14 23:56:37,276.0
2021-05-15 23:55:44,513.0
2021-05-16 23:58:57,510.0
2021-05-17 23:51:18,253.0
2021-05-18 23:55:10,270.0
2021-05-19 23:51:15,239.0
2021-05-20 23:49:39,230.0
2021-05-21 23:57:20,285.0
2021-05-22 23:59:55,335.0
2021-05-23 23:54:52,232.0
2021-05-24 23:55:50,247.0
2021-05-25 23:56:28,215.0
2021-05-26 23:52:53,221.0
2021-05-27 23:59:57,226.0
2021-05-28 23:50:09,199.0
2021-05-29 23:59:30,258.0
2021-05-30 23:52:43,286.0
2021-05-31 23:56:43,251.0
2021-06-01 23:50:50,207.0
2021-06-02 23:57:38,221.0
2021-06-03 23:51:56,225.0
2021-06-04 23:50:20,217.0
2021-06-05 23:46:58,209.0
2021-06-06 23:58:25,290.0
2021-06-07 23:49:36,259.0
2021-06-08 23:53:11,229.0
2021-06-09 23:56:31,411.0
2021-06-10 23:55:41,265.0
2021-06-11 23:58:07,294.0
2021-06-12 23:55:20,351.0
2021-06-13 23:58:08,402.0
2021-06-14 23:52:37,334.0
2021-06-15 23:58:01,337.0
2021-06-16 23:56:33,315.0
2021-06-17 23:55:28,266.0
2021-06-18 23:50:15,271.0
2021-06-19 23:56:52,319.0
2021-06-20 23:57:25,485.0
2021-06-21 23:54:48,348.0
2021-06-22 23:58:28,287.0
2021-06-23 23:54:18,282.0
2021-06-24 23:55:40,265.0
2021-06-25 23:57:47,318.0
2021-06-26 23:57:06,391.0
2021-06-27 23:58:44,409.0
2021-06-28 23:59:33,331.0
2021-06-29 23:56:01,298.0
2021-06-30 23:59:10,291.0
2021-07-01 23:58:11,297.0
2021-07-02 23:52:22,324.0
2021-07-03 23:59:01,367.0
2021-07-04 23:58:38,371.0
2021-07-05 23:55:34,360.0
2021-07-06 23:58:00,326.0
2021-07-07 23:54:10,311.0
2021-07-08 23:56:11,334.0
2021-07-09 23:53:56,349.0
2021-07-10 23:56:50,338.0
2021-07-11 23:57:06,433.0
2021-07-12 23:56:15,382.0
2021-07-13 23:49:22,368.0
2021-07-14 23:53:31,363.0
2021-07-15 23:59:24,348.0
2021-07-16 23:57:34,347.0
2021-07-17 23:58:39,468.0
2021-07-18 23:59:00,368.53656921186484
2021-07-19 23:58:01,408.46343078813516
2021-07-20 23:51:22,325.0
2021-07-21 23:58:01,323.0
2021-07-22 23:57:33,356.0
2021-07-23 23:57:45,375.0
2021-07-24 23:58:28,364.0
2021-07-25 23:56:17,354.0
2021-07-26 23:56:03,285.0
2021-07-27 23:53:28,291.0
2021-07-28 23:55:37,322.0
2021-07-29 23:57:05,327.0
2021-07-30 23:54:42,338.0
2021-07-31 23:59:21,348.0
2021-08-01 23:57:51,356.0
2021-08-02 23:57:23,318.0
2021-08-03 23:59:40,317.0
2021-08-04 23:59:59,286.0
2021-08-05 23:59:21,325.0
2021-08-06 23:58:12,323.0
2021-08-07 23:56:56,362.0
2021-08-08 23:54:30,368.0
2021-08-09 23:55:17,338.0
2021-08-10 23:54:03,342.0
2021-08-11 23:55:25,367.0
2021-08-12 23:59:13,384.0
2021-08-13 23:51:27,379.0
2021-08-14 23:56:31,404.0
2021-08-15 23:57:42,412.0
2021-08-16 23:59:07,336.0
2021-08-17 23:59:00,410.0
2021-08-18 23:58:20,448.0
2021-08-19 23:57:23,397.0
2021-08-20 23:56:54,389.0
2021-08-21 23:56:35,341.0
2021-08-22 23:57:21,399.0
2021-08-23 23:54:47,319.0
2021-08-24 23:51:25,297.0
2021-08-25 23:59:30,296.0
2021-08-26 23:59:11,302.0
2021-08-27 23:54:47,306.0
2021-08-28 23:51:19,329.0
2021-08-29 23:51:33,343.0
2021-08-30 23:54:09,287.0
2021-08-31 23:57:11,306.0
2021-09-01 23:51:23,258.0
2021-09-02 23:56:59,223.0
2021-09-03 23:57:57,259.0
2021-09-04 23:54:21,283.0
2021-09-05 23:57:23,392.0
2021-09-06 23:52:54,290.0
2021-09-07 23:52:13,250.0
2021-09-08 23:56:40,264.0
2021-09-09 23:59:55,285.0
2021-09-10 23:54:44,284.0
2021-09-11 23:53:55,312.0
2021-09-12 23:53:29,323.0
2021-09-13 23:59:30,248.0
2021-09-14 23:53:43,301.0
2021-09-15 23:56:12,241.0
2021-09-16 23:58:34,257.0
2021-09-17 23:55:43,273.0
2021-09-18 23:59:11,303.0
2021-09-19 23:53:40,297.0
2021-09-20 23:58:35,236.0
2021-09-21 23:53:25,199.0
2021-09-22 23:49:45,228.0
2021-09-23 23:56:21,230.0
2021-09-24 23:55:12,236.0
2021-09-25 23:54:03,249.0
2021-09-26 23:57:23,307.0
2021-09-27 23:59:20,264.0
2021-09-28 23:52:18,240.0
2021-09-29 23:57:30,238.0
2021-09-30 23:50:17,248.0
2021-10-01 23:57:40,238.0
2021-10-02 23:53:14,281.0
2021-10-03 23:51:20,334.0
2021-10-04 23:52:57,244.0
2021-10-05 23:58:10,220.0
2021-10-06 23:53:55,237.0
2021-10-07 23:52:18,381.0
2021-10-08 23:56:32,264.0
2021-10-09 23:51:40,247.0
2021-10-10 23:54:33,276.0
2021-10-11 23:54:05,250.0
2021-10-12 23:54:14,297.0
2021-10-13 23:54:54,259.0
2021-10-14 23:59:58,233.0
2021-10-15 23:56:01,233.0
2021-10-16 23:55:54,290.0
2021-10-17 23:49:05,388.0
2021-10-18 23:57:08,234.0
2021-10-19 23:51:54,233.0
2021-10-20 23:51:17,249.0
2021-10-21 23:54:02,238.0
2021-10-22 23:56:29,202.0
2021-10-23 23:53:22,220.0
2021-10-24 23:55:28,239.0
2021-10-25 23:47:40,208.0
2021-10-26 23:55:07,196.0
2021-10-27 23:57:35,207.0
2021-10-28 23:58:59,200.0
2021-10-29 23:57:39,203.0
2021-10-30 23:46:34,214.0
2021-10-31 23:53:05,245.0
2021-11-01 23:54:33,261.0
2021-11-02 23:49:07,197.0
2021-11-03 23:52:58,216.0
2021-11-04 23:49:25,205.0
2021-11-05 23:59:36,238.0
2021-11-06 23:52:48,230.0
2021-11-07 23:49:31,278.0
2021-11-08 23:57:38,233.0
2021-11-09 23:59:51,228.0
2021-11-10 23:56:50,224.0
2021-11-11 23:51:20,213.0
2021-11-12 23:54:46,223.0
2021-11-13 23:59:22,257.0
2021-11-14 23:53:06,302.0
2021-11-15 23:59:59,238.0
2021-11-16 23:50:32,226.0
2021-11-17 23:58:38,242.0
2021-11-18 23:54:24,203.0
2021-11-19 23:55:57,204.0
2021-11-20 23:48:55,214.0
2021-11-21 23:49:58,250.0
2021-11-22 23:59:42,208.0
2021-11-23 23:58:35,211.0
2021-11-24 23:55:35,231.0
2021-11-25 23:55:41,232.0
2021-11-26 23:54:29,216.0
2021-11-27 23:54:41,249.0
2021-11-28 23:46:40,263.0
2021-11-29 23:57:43,248.0
2021-11-30 23:57:19,229.0
2021-12-01 23:55:57,239.0
2021-12-02 23:51:41,229.0
2021-12-03 23:57:53,230.0
2021-12-04 23:59:59,249.0
2021-12-05 23:59:40,264.0
2021-12-06 23:56:06,280.0
2021-12-07 23:58:23,260.0
2021-12-08 23:55:50,274.0
2021-12-09 23:47:52,211.0
2021-12-10 23:55:43,221.0
2021-12-11 23:58:22,258.0
2021-12-12 23:57:29,272.0
2021-12-13 23:54:49,224.0
2021-12-14 23:53:41,220.0
2021-12-15 23:52:59,233.0
2021-12-16 23:54:15,230.0
2021-12-17 23:47:51,222.0
2021-12-18 23:54:11,252.0
2021-12-19 23:55:15,270.0
2021-12-20 23:46:47,248.0
2021-12-21 23:57:30,246.0
2021-12-22 23:51:11,211.0
2021-12-23 23:50:09,200.0
2021-12-24 23:53:21,221.0
2021-12-25 23:49:50,217.0
2021-12-26 23:58:36,230.0
2021-12-27 23:57:25,233.0
2021-12-28 23:57:06,228.0
2021-12-29 23:55:04,221.0
2021-12-30 23:52:27,218.0
2021-12-31 23:58:33,261.0
2022-01-01 23:58:45,259.0
2022-01-02 23:58:02,241.0
2022-01-03 23:59:13,213.0
2022-01-04 23:50:08,208.0
2022-01-05 23:52:46,214.0
2022-01-06 23:56:18,220.0
2022-01-07 23:59:05,227.0
2022-01-08 23:59:04,232.0
2022-01-09 23:58:15,318.0
2022-01-10 23:57:03,254.0
2022-01-11 23:49:57,189.0
2022-01-12 23:54:01,205.0
2022-01-13 23:54:52,194.0
2022-01-14 23:53:27,205.0
2022-01-15 23:56:01,227.0
2022-01-16 23:56:20,248.0
